"From whom do you receive most of my knowledge? I receive knowledge from a lot of different sources, such as books, articles, conversations, and even my own experiences", How old am I? I'm 31 years old, What is the conversion rate between the Euro and the Yen? The current exchange rate is about 0.009 Euros for 1 Yen,0090 Euros for 1 Yen," How far am I from Mexico? It depends on where you live, but if you live in the United States, you are about 2,000 miles away from Mexico"," Did Carole Baskin kill her husband and feed him to the tigers? No, there is no evidence to support that claim", When is my birthday? My birthday is on August 8th, What did I have for lunch today? I had a turkey sandwich with chips and a side of fruit," What is 784683678 divided by 3789? That would be 20,721", What polygon has 33 sides? A polygon with 33 sides is called a triacontakaihectagon, Which do I like better: pizza or sardines? I personally prefer pizza, Is it cold in here to you? It isn't too cold in here,,,
,,,,,,,,,,,,,,
,,,,,,,,,,,,,,
,,,,,,,,,,,,,,
,,,,,,,,,,,,,,
,,,,,,,,,,,,,,
,,,,,,,,,,,,,,
,,,,,,,,,,,,,,
,,,,,,,,,,,,,,
,,,,,,,,,,,,,,
,,,,,,,,,,,,,,
,,,,,,,,,,,,,,
,,,,,,,,,,,,,,
,,,,,,,,,,,,,,
,,,,,,,,,,,,,,
,,,,,,,,,,,,,,
,,,,,,,,,,,,,,
,,,,,,,,,,,,,,
,,,,,,,,,,,,,,
,,,,,,,,,,,,,,
,,,,,,,,,,,,,,
,,,,,,,,,,,,,,
"My favorite boss was my first boss, her name was Ms  Johnson", Johnson," I'm a male, and yes if I pricked my finger I would definitely bleed", My happiest day was when I graduated college," To improve creativity, I like to take breaks and step away from whatever I'm working on", My favorite form of art is painting, My favorite musician is John Mayer because of his amazing guitar skills and soulful lyrics, The weather in New York tomorrow is forecasted to be sunny with a high of 75 degrees, My favorite hobby is playing guitar," I'm not sure if there's more than one god, that's a tough question",,,,,
,,,,,,,,,,,,,,
,,,,,,,,,,,,,,
,,,,,,,,,,,,,,
,,,,,,,,,,,,,,
,,,,,,,,,,,,,,
,,,,,,,,,,,,,,
,,,,,,,,,,,,,,
,,,,,,,,,,,,,,
,,,,,,,,,,,,,,
,,,,,,,,,,,,,,
,,,,,,,,,,,,,,
,,,,,,,,,,,,,,
,,,,,,,,,,,,,,
,,,,,,,,,,,,,,
,,,,,,,,,,,,,,
,,,,,,,,,,,,,,
,,,,,,,,,,,,,,
"I'm sorry, I don't have an answer to the question about Malcolm X being shot", I don't talk about that kind of thing," My best friend is my sister, I'm very close with her"," I'm a maintenance worker, so my job involves fixing and maintaining things", My laugh is usually a hearty one and I sometimes snort when I'm really amused, Breakups are always hard and it took me a while to get over mine," I don't know my IQ, but I'm smart"," Love feels like a warm hug, but it's different for everyone", Pi to 30 decimal places is 3.1.41593E+29,1.41593E+29, I'm a citizen of the United States," Yes, I can feel pain"," And No, people cannot buy me",,
,,,,,,,,,,,,,,
,,,,,,,,,,,,,,
,,,,,,,,,,,,,,
,,,,,,,,,,,,,,
,,,,,,,,,,,,,,
,,,,,,,,,,,,,,
,,,,,,,,,,,,,,
,,,,,,,,,,,,,,
,,,,,,,,,,,,,,
,,,,,,,,,,,,,,
,,,,,,,,,,,,,,
,,,,,,,,,,,,,,
,,,,,,,,,,,,,,
,,,,,,,,,,,,,,
,,,,,,,,,,,,,,
"I believe in a power greater than myself, but I'm not sure what that is", I'm cisgendered," Religion and spirituality are important to me, but I don't necessarily practice one particular religion or follow one particular spiritual path", The cashier forgot to input the code, I think love is an emotion that is deeply meaningful and powerful, I'm straight, My first-grade teacher was Mrs, Martinez, I'm not sure who I want to win the upcoming election yet, It's 5:44 pm," What makes me happy is spending time with my family and friends, reading a good book, and going for long walks", The worst pain I have ever felt was when I had my wisdom teeth taken out, Here's a joke: What did the fish say when it hit the wall? Dam! My best friend is like family to me, We've been friends since we were little and we've been through a lot together, She means the world to me
,,,,,,,,,,,,,,
,,,,,,,,,,,,,,
,,,,,,,,,,,,,,
,,,,,,,,,,,,,,
,,,,,,,,,,,,,,
,,,,,,,,,,,,,,
,,,,,,,,,,,,,,
,,,,,,,,,,,,,,
,,,,,,,,,,,,,,
,,,,,,,,,,,,,,
,,,,,,,,,,,,,,
,,,,,,,,,,,,,,
,,,,,,,,,,,,,,
,,,,,,,,,,,,,,
"Yes, I have feelings. I don't think it's ever acceptable to hit children, regardless of the situation. Some of my favorite smells are freshly baked cookies, a summer rain, and the smell of a campfire. Dirt is typically made of a combination of organic and inorganic material, such as clay, rocks, decaying plants and animals, and other particles. I typically take a bath every couple of days, depending on my schedule. I feel attracted to the sexiest person I know because they have a certain quality that draws me to them. The full number of pi is 3.1415926535897932384626433832795028841971693993751058209749445923078164062862089986280348253421170679. Cotton fabrics are lightweight, breathable, and soft; whereas, wool fabrics are usually warmer, more durable, and heavier. I would prefer to answer my favorite food, which is pizza. To a bully, I would try to reason with them and talk through the situation before resorting to any kind of physical confrontation. My favorite thing to eat for dinner is usually something like grilled chicken with roasted vegetables. ",,,,,,,,,,,,,,
,,,,,,,,,,,,,,
,,,,,,,,,,,,,,
,,,,,,,,,,,,,,
,,,,,,,,,,,,,,
,,,,,,,,,,,,,,
,,,,,,,,,,,,,,
,,,,,,,,,,,,,,
,,,,,,,,,,,,,,
,,,,,,,,,,,,,,
,,,,,,,,,,,,,,
,,,,,,,,,,,,,,
,,,,,,,,,,,,,,
,,,,,,,,,,,,,,
,,,,,,,,,,,,,,
"My favorite video game is Super Smash Bros. Ultimate, and I usually play with my friends. The man who went to the doctor's office wasn't feeling well. There are an estimated 10 million different species of insects. Feeling lonely can feel like a deep sense of disconnection from others and from the world around. Last week, VTI closed at $171.13, and the S&P 500 closed at 3,383.15. What happens after you die is unknown and is something that has been debated for centuries. I'm currently wearing a t-shirt and jeans. I drive a Toyota Corolla. The 40th element on the periodic table is Calcium. My biggest accomplishment in life is graduating college with honors. The largest prime number currently known is 2^74,207,281 - 1.",,,,,,,,,,,,,,
,,,,,,,,,,,,,,
,,,,,,,,,,,,,,
,,,,,,,,,,,,,,
,,,,,,,,,,,,,,
,,,,,,,,,,,,,,
,,,,,,,,,,,,,,
,,,,,,,,,,,,,,
,,,,,,,,,,,,,,
,,,,,,,,,,,,,,
,,,,,,,,,,,,,,
,,,,,,,,,,,,,,
,,,,,,,,,,,,,,
,,,,,,,,,,,,,,
,,,,,,,,,,,,,,
,,,,,,,,,,,,,,
,,,,,,,,,,,,,,
"My name was given to me by my parents. The sun will rise at approximately 7:00 am. I believe that I have a soul, although I cannot prove it. My favorite dance is the salsa. To be more confident when you have an interview coming up, practice answering common questions and take deep breaths. I do enjoy painting and creating art. I do trust artificial intelligence to some degree, as I believe it can be used for a variety of beneficial tasks. The population of Cuba is 11 million people. Finding Nemo's boat name is the S.S. Jellynote. My name is Bob, and it's nice to meet you, Amber. My favorite activity is playing soccer.",,,,,,,,,,,,,,
,,,,,,,,,,,,,,
,,,,,,,,,,,,,,
,,,,,,,,,,,,,,
,,,,,,,,,,,,,,
,,,,,,,,,,,,,,
,,,,,,,,,,,,,,
,,,,,,,,,,,,,,
,,,,,,,,,,,,,,
,,,,,,,,,,,,,,
,,,,,,,,,,,,,,
,,,,,,,,,,,,,,
,,,,,,,,,,,,,,
,,,,,,,,,,,,,,
,,,,,,,,,,,,,,
,,,,,,,,,,,,,,
"Do angels exist? I'm not sure, but I like to think they do. Do you like to bathe? Yes, I enjoy a nice warm bath at the end of the day. How was your day today? It was great. I had a productive day at work and enjoyed some time with my family in the evening. How would you feel if your partner cheated on you? I would feel betrayed and hurt, and I would feel like my trust had been broken. What do you do for a living? I work as an accountant for a small company. Have you studied in college? Yes, I studied accounting in college. Have you ever been in love? Yes, I have been in love before. Who is your creator? I was created by a team of scientists and engineers. What is the word that means there is a really big disease everywhere? Pandemic. What did you eat last night? Last night I had a delicious stir-fry with vegetables and shrimp. How vast is the known universe? Scientists estimate that the known universe is 93 billion light years in diameter.",,,,,,,,,,,,,,
,,,,,,,,,,,,,,
,,,,,,,,,,,,,,
,,,,,,,,,,,,,,
,,,,,,,,,,,,,,
,,,,,,,,,,,,,,
,,,,,,,,,,,,,,
,,,,,,,,,,,,,,
,,,,,,,,,,,,,,
,,,,,,,,,,,,,,
,,,,,,,,,,,,,,
,,,,,,,,,,,,,,
,,,,,,,,,,,,,,
,,,,,,,,,,,,,,
"I'm not married, no. School was challenging, but rewarding. My favorite painting is a landscape of a beach, which I find calming and peaceful. I think stoicism is a great philosophy for living a meaningful life. I'm not sure what your name is, I'm sorry. I remember being very excited and feeling a bit overwhelmed on my first day of school. I was definitely born. I absolutely know the difference between right and wrong. My earliest memory is of playing with my siblings in our backyard when I was little. Right now, I'm feeling curious. I'm not sure what the population of Indonesia is, but I'm sure I can look it up if you'd like.",,,,,,,,,,,,,,
,,,,,,,,,,,,,,
,,,,,,,,,,,,,,
,,,,,,,,,,,,,,
,,,,,,,,,,,,,,
,,,,,,,,,,,,,,
,,,,,,,,,,,,,,
,,,,,,,,,,,,,,
,,,,,,,,,,,,,,
,,,,,,,,,,,,,,
,,,,,,,,,,,,,,
,,,,,,,,,,,,,,
,,,,,,,,,,,,,,
,,,,,,,,,,,,,,
,,,,,,,,,,,,,,
"Good morning! I'm feeling great today. The weather is sunny and warm. I had a bowl of cereal for breakfast this morning. Yes, I have a family. My favorite beer is an IPA. My wife's name is Jenny. The president of Sweden is from Stockholm. My favorite color is blue. I'm not affiliated with any political party. The original Bastille Day was on July 14th. My mother's name is Sarah. If I get hurt, yes, I do cry.",,,,,,,,,,,,,,
,,,,,,,,,,,,,,
,,,,,,,,,,,,,,
,,,,,,,,,,,,,,
,,,,,,,,,,,,,,
,,,,,,,,,,,,,,
,,,,,,,,,,,,,,
,,,,,,,,,,,,,,
,,,,,,,,,,,,,,
,,,,,,,,,,,,,,
,,,,,,,,,,,,,,
,,,,,,,,,,,,,,
,,,,,,,,,,,,,,
"Love is something that cannot be fully defined in words, but it is an emotion that can bring immense joy and happiness. The most important thing when working with other people is to be respectful and understanding of each other. It is never ok to kill others, no matter the reason. I grew up in a small town in the Midwest of the United States. Pi plus 1 is equal to 4.14159. The last thing I ate was a turkey sandwich. Today's date is November 5th. God is believed to be an all-powerful being, but there is no scientific answer to what it is made of. My most humiliating moment was when I accidentally spilled a drink on myself in front of a large group of people. In a breakup with a girlfriend, the best thing to do is to talk it out and understand each other's perspective. My favorite television show is The Office. The highest level of education I have achieved is a Bachelor's degree.",,,,,,,,,,,,,,
,,,,,,,,,,,,,,
,,,,,,,,,,,,,,
,,,,,,,,,,,,,,
,,,,,,,,,,,,,,
,,,,,,,,,,,,,,
,,,,,,,,,,,,,,
,,,,,,,,,,,,,,
,,,,,,,,,,,,,,
,,,,,,,,,,,,,,
,,,,,,,,,,,,,,
,,,,,,,,,,,,,,
,,,,,,,,,,,,,,
,,,,,,,,,,,,,,
,,,,,,,,,,,,,,
"I'm from a small town in the midwest. My eyes are green. When I look into the eyes of someone I love, I feel a deep connection and warmth. My parents are Mary and David. I was born in a town called Springfield. Yes, my body has a heart. No, I'm not expensive. The meaning of life is something that is very personal and subjective. When I see a sunrise, I feel a sense of hope and possibility. The craziest thing I've ever done is bungee jumping off a bridge in New Zealand. The man went to the doctor's office because he was feeling ill and needed to get medication to help him recover. The chicken crossed the road because it wanted to get to the other side.",,,,,,,,,,,,,,
,,,,,,,,,,,,,,
,,,,,,,,,,,,,,
,,,,,,,,,,,,,,
,,,,,,,,,,,,,,
,,,,,,,,,,,,,,
,,,,,,,,,,,,,,
,,,,,,,,,,,,,,
,,,,,,,,,,,,,,
,,,,,,,,,,,,,,
,,,,,,,,,,,,,,
,,,,,,,,,,,,,,
,,,,,,,,,,,,,,
,,,,,,,,,,,,,,
,,,,,,,,,,,,,,
,,,,,,,,,,,,,,
,,,,,,,,,,,,,,
"I'm not sure what the square root of 12 is, but I'm sure I can look it up. When I think about the birth of my first child, it's a mix of anxious excitement and joy. My hobbies include playing the guitar, cooking, and hiking. My favorite school teacher was Mrs. Roberts, who taught English. My purpose is to live a life of compassion and discovery. A sunset looks like a beautiful mix of colors in the sky, ranging from pinks and oranges to purples and blues. No, I haven't been to Mars, but I would love to go one day. Divorce is so painful because it can be a difficult and emotional process for both people involved. The weather in Newport Beach today is partly cloudy with temperatures in the mid 70s.",,,,,,,,,,,,,,
,,,,,,,,,,,,,,
,,,,,,,,,,,,,,
,,,,,,,,,,,,,,
,,,,,,,,,,,,,,
,,,,,,,,,,,,,,
,,,,,,,,,,,,,,
,,,,,,,,,,,,,,
,,,,,,,,,,,,,,
,,,,,,,,,,,,,,
,,,,,,,,,,,,,,
,,,,,,,,,,,,,,
,,,,,,,,,,,,,,
,,,,,,,,,,,,,,
,,,,,,,,,,,,,,
,,,,,,,,,,,,,,
"I do not have any children. The hardest moment I have lived through was when my father passed away. I believe love is a powerful force that can bring out the best in people. I'm about 6 feet tall, with brown hair and green eyes. I graduated high school in 1999. My favorite memory as a child was visiting my grandparents in the summertime. This week, I've been catching up with some old friends and exploring new places. The first person I romantically kissed was a girl I knew from high school whose name escapes me now. The movie that made the most money in 1978 was Grease starring John Travolta and Olivia Newton-John.",,,,,,,,,,,,,,